clade	gene	site	alt
clade_1	nuc	1152	T
clade_1	nuc	2053	G
clade_1	nuc	5116	A
clade_1	nuc	5476	G
clade_1	nuc	5742	A
clade_1	replicase	685	G
clade_1	RdRp	685	G
clade_2	nuc	810	C
clade_2	nuc	2021	T
clade_2	nuc	2440	G
clade_2	nuc	3672	C
clade_2	nuc	4237	A
clade_2	nuc	1803	T
clade_2	nuc	3147	C
clade_2	replicase	674	V
clade_2	replicase	814	G
clade_2	RdRp	674	V
clade_2	RdRp	814	G
clade_2	RdRp	1413	N
clade_3	nuc	3617	A
clade_3	nuc	604	C
clade_3	nuc	744	T
clade_3	nuc	4572	C
clade_3	nuc	5389	T
clade_3	RdRp	1206	K
clade_4	nuc	1821	C
clade_4	nuc	3186	T
clade_6	nuc	897	A
clade_6	nuc	1785	A
clade_6	nuc	4272	A
clade_7	nuc	3037	C
clade_7	nuc	5612	A
clade_7	nuc	4776	G
clade_7	MP	260	I
clade_9	nuc	3417	C
clade_9	nuc	3825	A
clade_9	nuc	3300	C
clade_9	replicase	1100	N
clade_9	RdRp	1100	N
